Column,notes
230,64
240,
285,61
301,
312,
319,
339,
348,
370,3
390,
394,
395,
403,
419,
524,243
579,3
579,6
579,8
579,11
579,13
579,39
579,53
579,85
579,88
579,89
579,136
579,146
579,164
580,24
580,65
581,24
581,65
582,24
582,65
585,5
585,6
587,45
587,46
587,8
587,57
587,8
587,76
587,81
587,9
587,91
587,93
587,94
587,102
587,105
587,106
587,7
587,107
587,8
587,109
587,10
587,121
587,130
587,137
587,139
587,41
587,148
587,150
587,1
587,153
587,156
587,166
587,167
587,174
587,5
587,176
587,177
587,178
587,179
587,181
587,182
587,3
587,184
587,5
587,186
587,7
587,189
587,192
587,199
587,200
587,202
587,3
587,207
587,8
587,211
587,2
587,213
587,214
587,216
587,7
587,217
587,8
587,223
587,224
587,229
587,30
588,45
588,46
588,8
588,57
588,8
588,76
588,81
588,9
588,91
588,93
588,94
588,102
588,105
588,106
588,7
588,107
588,8
588,109
588,10
588,121
588,130
588,137
588,139
588,41
588,148
588,150
588,1
588,153
588,156
588,166
588,167
588,174
588,5
588,176
588,177
588,178
588,179
588,181
588,182
588,3
588,184
588,5
588,186
588,7
588,189
588,192
588,199
588,200
588,202
588,3
588,207
588,8
588,211
588,2
588,213
588,214
588,216
588,7
588,217
588,8
588,223
588,224
588,229
588,30
591,73
591,79
592,9
592,194
600,2
600,30
601,102
601,202
608,2
608,3
608,4
608,5
608,6
608,8
608,11
608,14
608,16
608,18
608,22
608,28
608,36
608,41
608,43
608,44
608,47
608,48
608,49
608,50
608,51
608,52
608,54
608,56
608,60
608,61
608,62
608,78
608,79
608,82
608,85
608,86
608,88
608,89
608,90
608,91
608,92
608,93
608,95
608,97
608,98
608,100
608,102
608,104
608,112
608,119
608,137
608,148
608,149
608,164
608,166
608,168
608,169
608,170
608,173
608,175
608,178
608,180
608,191
608,192
608,193
608,194
608,198
608,202
608,205
608,206
608,207
608,209
608,214
608,215
608,216
608,221
608,222
608,223
608,225
608,227
608,229
608,231
608,232
608,233
608,235
608,239
608,242
608,243
608,244
608,245
608,246
608,247
608,248
608,254
608,260
608,261
608,268
608,270
608,273
608,278
608,288
608,292
608,304
608,311
608,312
608,315
608,317
608,319
608,324
608,326
608,327
608,334
608,345
608,336
608,337
608,338
608,340
608,342
608,343
608,344
608,350
608,351
608,352
608,353
608,354
608,355
608,356
608,358
608,362
608,363
608,369
608,371
608,376
608,385
608,388
608,389
608,390
608,391
608,392
608,397
608,398
608,401
608,402
608,404
608,415
608,416
608,418
608,421
608,431
608,432
608,435
608,436
608,440
608,441
608,442
608,444
608,448
608,460
608,463
608,465
608,467
608,474
608,475
608,496
608,496
608,498
608,502
608,503
608,505
608,506
608,509
609,1
609,86
609,90
609,99
609,182
609,2
609,26
610,17
610,44
610,50
610,54
610,59
610,189
610,229
611,43
611,89
611,101
611,141
611,19
611,21
611,136
611,137
611,141
611,143
611,217
612,41
612,53
612,61
612,72
612,194
612,209
612,240
612,277
612,288
613,41
613,53
613,61
613,72
613,194
613,209
613,240
613,277
613,288
615,7
616,265
617,265
618,9
618,71
618,72
619,75
623,50
623,163
623,4
623,10
623,1
623,59
623,70
623,209
623,210
623,211
623,214
623,223
623,241
623,2
623,243
623,5
623,249
623,269
626,3
626,4
626,5
626,6
626,7
626,8
626,9
626,10
626,11
626,13
626,14
626,15
626,17
626,18
626,22
626,23
626,24
626,30
626,31
626,36
626,37
626,43
626,46
626,55
626,56
626,59
626,67
626,72
626,74
626,81
626,84
626,86
626,91
626,203
626,212
626,214
626,246
626,257
626,259
626,260
626,261
626,280
628,16
628,17
628,24
628,5
628,26
628,28
632,1
632,2
638,15
638,207
639,1
639,1
639,2
639,51
639,52
639,214
639,2
639,305
639,3
639,285
644,1
644,16
644,35
644,53
644,57
644,58
644,75
644,77
644,78
644,95
644,106
644,112
644,122
644,126
644,129
644,130
644,137
644,155
644,168
644,183
644,198
644,199
644,200
644,201
644,209
644,211
644,2
644,79
644,133
644,169
644,171
644,183
644,185
644,222
644,232
644,238
644,240
644,250
644,258
645,1
645,20
645,42
645,64
645,69
645,70
645,90
645,92
645,93
645,113
645,126
645,133
645,149
645,152
645,153
645,154
645,162
645,182
645,197
645,214
645,232
645,233
645,235
645,236
645,245
645,247
645,2
645,94
645,170
645,199
645,203
645,216
645,217
645,218
645,262
645,273
645,280
645,282
645,294
645,304
646,1
646,20
646,42
646,64
646,69
646,70
646,90
646,92
646,93
646,113
646,126
646,133
646,149
646,152
646,153
646,154
646,162
646,182
646,197
646,214
646,232
646,233
646,235
646,236
646,245
646,247
646,2
646,94
646,199
646,203
646,216
646,217
646,218
646,262
646,273
646,280
646,282
646,294
646,304
649,5
651,175
651,1
651,111
651,166
651,183
651,4
651,1
651,10
651,12
651,14
651,15
651,19
651,21
651,23
651,29
651,33
651,35
651,44
651,54
651,57
651,72
651,89
651,90
651,92
651,111
651,126
651,129
651,132
651,139
651,146
651,152
651,166
651,178
651,182
651,183
651,184
651,185
651,199
651,202
651,203
651,208
651,217
651,232
651,234
651,5
651,236
651,240
651,248
651,250
651,256
651,257
651,286
652,175
652,1
652,111
652,166
652,183
652,4
652,1
652,10
652,12
652,14
652,15
652,19
652,21
652,23
652,29
652,33
652,35
652,44
652,54
652,57
652,72
652,89
652,90
652,92
652,111
652,126
652,129
652,132
652,139
652,146
652,152
652,166
652,178
652,182
652,183
652,184
652,185
652,199
652,202
652,203
652,208
652,217
652,232
652,234
652,5
652,236
652,240
652,248
652,250
652,256
652,257
652,286
662,1
662,2
662,3
662,11
662,12
662,13
662,15
662,22
662,23
662,35
662,37
662,40
662,43
662,46
662,47
662,49
662,54
662,56
662,59
662,61
662,63
662,66
662,67
662,68
662,70
662,72
662,75
662,122
662,124
662,127
662,128
662,131
662,138
662,142
662,148
662,149
662,153
662,158
662,160
665,2
665,136
665,316
665,3
665,92
665,129
667,89
668,1
668,22
668,23
668,2
668,22
668,76
668,126
668,128
668,139
668,185
668,253
668,3
668,83
668,151
668,186
668,210
668,235
668,287
668,4
668,26
668,27
668,44
669,206
671,
672,
673,179
673,4
677,100
677,119
677,126
677,178
677,185
677,191
677,225
708,1
708,2
708,3
708,11
708,12
708,13
708,15
708,22
708,23
708,35
708,37
708,40
708,43
708,46
708,47
708,49
708,54
708,56
708,59
708,61
708,63
708,66
708,67
708,68
708,70
708,72
708,75
708,122
708,124
708,127
708,128
708,131
708,138
708,142
708,148
708,149
708,153
708,158
708,160
711,2
711,136
711,316
711,3
711,92
711,129
713,89
714,1
714,22
714,23
714,2
714,22
714,76
714,126
714,128
714,139
714,185
714,253
714,3
714,83
714,151
714,186
714,210
714,235
714,287
714,4
714,26
714,27
714,44
715,206
717,
718,
719,179
719,4
723,100
723,119
723,126
723,178
723,185
723,191
723,225
756,
762,17
762,20
762,26
762,30
762,32
762,4
762,37
762,8
762,43
762,47
762,8
762,51
762,2
762,54
762,8
762,65
762,7
762,75
762,77
762,79
762,82
762,91
762,3
762,98
762,9
762,105
762,107
762,8
762,110
762,114
762,117
762,8
762,128
762,138
762,40
762,142
762,157
762,61
762,197
762,203
762,208
762,211
762,218
762,222
762,239
763,72
763,81
763,104
763,114
763,147
763,150
763,160
763,173
763,180
763,197
763,198
763,233
763,249
763,254
763,263
763,265
763,273
763,274
767,
769,4
769,7
769,8
769,66
777,2
777,20
778,2
778,20
780,
783,
784,1
784,59
784,108
784,112
784,113
784,145
784,2
784,204
784,252
784,3
784,56
784,7
784,204
789,
796,
809,
810,
817,
818,1
818,49
818,52
818,71
818,102
818,114
818,125
818,171
818,189
818,194
818,237
818,2
818,130
818,131
818,137
818,163
818,234
819,143
819,144
819,145
819,170
819,209
819,2
819,143
819,144
819,1
819,170
819,209
830,69
830,106
830,1
830,2
831,193
831,196
831,205
831,207
835,232
837,3
837,4
837,2
838,
842,
843,1
843,114
843,2
843,266
848,
854,107
854,173
854,177
854,178
854,180
854,185
854,186
855,2
862,
864,4
864,5
864,7
864,9
864,12
864,14
864,15
864,20
864,21
864,22
864,23
864,25
864,26
864,27
864,28
864,29
864,30
864,31
864,32
864,33
864,34
864,35
864,36
864,37
864,39
864,40
864,41
864,42
864,43
864,44
864,45
864,46
864,50
864,51
864,52
864,54
864,57
864,58
864,59
864,60
864,61
864,62
864,63
864,65
864,66
864,67
864,69
864,70
864,75
864,76
864,79
864,80
864,84
864,85
864,86
864,87
864,88
864,89
864,90
864,91
864,94
864,95
864,96
864,98
864,99
864,103
864,104
864,105
864,106
864,107
864,108
864,109
864,110
864,111
864,112
864,113
864,114
864,115
864,116
864,117
864,118
864,119
864,120
864,123
864,124
864,125
864,126
864,128
864,137
864,140
864,142
864,144
864,147
864,149
864,150
864,153
864,154
864,155
864,156
864,157
864,158
864,159
864,160
864,161
864,162
864,163
864,164
864,169
864,173
864,174
864,177
864,183
864,185
864,186
864,187
864,188
865,1
865,5
865,7
865,9
865,11
865,3
865,15
865,8
865,20
865,22
865,7
865,29
865,30
865,32
865,42
865,49
865,53
865,57
865,62
865,9
865,71
865,3
865,76
865,80
865,83
865,85
865,6
865,94
865,5
865,101
865,3
865,110
865,113
865,4
865,116
865,7
865,119
865,22
865,124
865,129
865,32
865,135
865,137
865,144
865,5
865,147
865,8
865,150
865,153
865,4
865,156
865,9
865,164
865,6
865,168
865,73
865,177
865,81
865,183
865,4
865,186
865,7
865,194
865,197
865,202
865,205
865,208
865,9
865,215
865,218
865,9
865,224
865,226
865,8
865,230
865,5
865,238
865,42
865,249
865,255
865,277
865,8
865,262
865,273
865,276
865,278
865,81
867,1
867,2
867,1
867,2
869,
870,1
870,210
874,33
874,70
874,79
874,85
877,
879,
880,49
880,50
880,51
880,54
880,55
880,56
880,57
880,58
880,62
880,65
880,67
880,68
880,70
880,71
880,76
880,77
880,81
880,83
880,87
880,92
880,97
880,98
880,100
880,101
880,103
880,104
880,173
880,175
880,319
881,216
881,286
883,
888,1
888,5
888,24
888,25
888,141
888,142
888,179
888,181
888,2
888,102
888,115
888,117
888,122
888,123
888,124
888,126
888,128
888,140
888,153
888,155
888,157
888,174
888,193
888,191
888,192
888,194
888,195
888,200
888,205
888,219
888,243
888,255
890,
897,1
897,2
897,3
897,4
897,5
897,6
897,11
897,12
897,15
897,16
897,19
897,23
897,24
897,28
897,30
897,33
897,44
897,48
897,49
897,51
897,55
897,59
897,64
897,65
897,76
897,81
897,90
897,113
897,114
897,127
897,139
897,141
897,142
897,143
897,144
897,148
897,155
897,159
897,164
897,167
900,
904,33
904,119
904,179
905,
907,69
907,72
907,69
910,50
910,1
912,6
912,9
912,19
912,41
912,127
912,153
913,
914,76
915,
919,
921,1
921,29
921,1
924,
927,
931,
932,
933,
935,2
935,94
935,115
935,225
937,
944,
947,75
951,85
951,177
954,66
954,70
954,148
961,148
962,355
962,360
962,368
970,14
972,1
972,2
972,3
983,47
985,50
985,51
985,113
987,246
989,90
989,120
992,147
993,48
993,50
993,138
993,214
995,68
995,104
995,129
995,140
1000,
1007,204
1007,215
1014,
1017,
1021,37
1021,38
1021,72
1025,88
1025,98
1025,104
1025,164
1027,247
1031,
1032,7
1032,369
1032,375
1032,378
1032,8
1032,385
1032,387
1033,153
1035,
1038,32
1040,9
1040,24
1041,17
1041,49
1041,56
1041,64
1050,32
1058,
1067,65
1067,228
1067,1
1068,1
1068,78
1068,9
1070,107
1070,109
1070,123
1070,137
1070,158
1070,163
1070,164
1070,165
1070,171
1071,40
1071,142
1073,
1079,
1081,1
1085,62
1085,81
1085,93
1085,96
1085,98
1085,145
1085,146
1085,172
1085,178
1085,179
1085,191
1085,193
1085,194
1085,211
1085,226
1085,236
1085,254
1085,311
1085,312
1085,383
1085,406
1085,448
1085,453
1085,464
1085,480
1085,490
1085,493
1085,494
1085,498
1085,504
1085,506
1085,510
1085,511
1085,524
1086,245
1088,233
1090,
1092,
1095,
1101,16
1101,20
1101,21
1101,26
1101,28
1101,51
1101,52
1101,66
1101,69
1101,78
1101,79
1101,86
1101,99
1101,102
1101,111
1101,114
1101,116
1101,7
1101,129
1101,132
1122,5
1122,13
1122,35
1129,170
1129,213
1132,120
1133,
1140,40
1142,402
1148,
1150,
1154,13
1156,13
1162,
1165,
1170,
1180,14
1180,29
1180,74
1180,170
1184,
1187,
1192,361
1192,409
1193,
1195,44
1195,72
1195,145
1195,2
1195,290
1195,1
1195,3
1195,258
1195,4
1195,3
1196,44
1196,72
1196,145
1196,2
1196,290
1196,1
1196,3
1196,258
1196,4
1196,3
1197,148
1197,185
1202,86
1215,
1218,
1221,135
1221,144
1221,147
1221,212
1221,218
1222,1
1222,11
1222,14
1222,20
1222,39
1222,56
1222,86
1222,93
1222,95
1222,100
1222,106
1222,126
1222,127
1222,130
1222,2
1222,11
1222,57
1222,72
1222,73
1222,84
1222,85
1222,120
1227,
1228,
1230,42
1230,3
1230,56
1230,175
1230,180
1230,2
1230,184
1231,43
1231,45
1239,1
1239,3
1239,4
1243,350
1244,
1248,
1253,282
1253,423
1253,425
1253,1
1253,152
1253,161
1253,162
1253,163
1253,171
1253,235
1253,237
1253,238
1253,243
1253,522
1253,2
1255,
1256,
1262,3
1262,289
1263,113
1265,100
1265,10
1274,38
1274,1
1279,24
1280,108
1280,158
1293,124
1293,2
1294,164
1304,186
1304,255
1305,49
1305,3
1305,213
1305,4
1319,58
1321,220
1323,54
1327,37
1327,2
1337,58
1337,1
1338,291
1342,4
1342,1
1343,
1345,75
1349,22
1349,1
1349,2
1350,16
1350,1
1350,3
1350,2
1351,67
1354,121
1355,142
1361,4
1361,132
1361,161
1361,9
1361,10
1361,122
1361,129
1361,86
1361,142
1361,152
1361,804
1361,177
1363,59
1367,
1373,82
1373,253
1379,70
1379,174
1385,286
1385,13
1385,145
1385,174
1385,182
1387,57
1389,19
1397,22
1397,49
1397,133
1397,166
1397,167
1397,82
1398,354
1398,312
1398,482
1404,12
1404,19
1404,28
1404,30
1404,48
1404,256
1404,257
1404,259
1404,258
1404,290
1404,291
1404,46
1404,47
1404,285
1404,288
1407,216
1407,224
1407,235
1407,237
1407,244
1407,247
1407,248
1407,256
1407,258
1407,266
1407,269
1407,271
1407,272
1407,273
1407,274
1407,276
1407,277
1407,294
1407,295
1407,296
1407,298
1407,299
1407,301
1407,303
1407,306
1407,308
1407,309
1407,310
1407,314
1407,315
1407,316
1407,317
1407,318
1407,319
1407,320
1407,327
1409,4
1409,5
1409,6
1409,7
1409,8
1409,9
1409,10
1409,11
1409,12
1409,15
1409,16
1409,17
1409,18
1409,19
1409,20
1409,21
1409,22
1409,24
1409,25
1409,28
1409,29
1409,30
1409,31
1409,32
1409,33
1409,35
1409,36
1409,37
1409,38
1409,39
1409,40
1409,41
1409,42
1409,43
1409,44
1409,45
1409,46
1409,48
1409,49
1409,50
1409,51
1409,54
1409,55
1409,56
1409,59
1409,62
1409,63
1409,64
1409,65
1409,68
1409,69
1409,70
1409,71
1409,72
1409,74
1409,75
1409,76
1409,77
1409,78
1409,79
1409,81
1409,82
1409,83
1409,84
1409,85
1409,86
1409,87
1409,88
1409,89
1409,90
1409,91
1409,95
1409,96
1409,97
1409,99
1409,100
1409,101
1409,104
1409,113
1409,114
1409,115
1409,116
1409,117
1409,118
1409,119
1409,120
1409,122
1409,123
1409,124
1409,125
1409,126
1409,127
1409,128
1409,129
1409,130
1409,131
1409,132
1409,134
1409,135
1409,140
1409,141
1409,142
1409,143
1409,144
1409,145
1409,146
1409,147
1409,148
1409,149
1409,153
1409,154
1409,155
1409,156
1409,160
1409,170
1409,171
1409,172
1409,173
1409,174
1409,175
1409,177
1409,178
1409,179
1409,180
1409,181
1409,182
1409,183
1409,184
1409,185
1409,186
1409,187
1409,188
1409,189
1409,190
1409,191
1409,192
1409,193
1409,194
1409,195
1409,196
1409,197
1409,198
1409,199
1409,200
1409,201
1409,202
1409,203
1409,204
1409,205
1409,206
1409,210
1409,211
1409,216
1409,218
1409,220
1409,221
1409,222
1409,223
1409,224
1409,225
1409,226
1409,226
1409,227
1409,228
1409,229
1409,230
1409,232
1409,232
1409,233
1409,234
1409,235
1409,236
1409,244
1409,245
1409,248
1409,249
1409,251
1409,254
1409,255
1409,256
1409,258
1409,259
1409,260
1409,261
1409,262
1409,262
1409,263
1409,264
1409,265
1409,266
1409,267
1409,269
1409,270
1409,270
1409,271
1409,272
1409,274
1409,276
1409,277
1409,278
1409,279
1409,280
1409,280
1409,281
1409,282
1409,283
1409,284
1409,285
1409,286
1409,287
1409,288
1409,289
1409,291
1409,292
1409,293
1409,294
1409,295
1409,296
1409,297
1409,298
1409,299
1409,300
1409,302
1409,305
1409,306
1409,307
1409,308
1409,309
1409,312
1409,313
1409,317
1409,318
1409,318
1409,319
1409,320
1409,321
1409,322
1409,323
1409,324
1409,324
1409,325
1409,326
1409,328
1409,329
1409,335
1409,337
1409,342
1409,344
1409,345
1409,346
1409,348
1409,349
1409,350
1409,352
1409,353
1409,354
1409,355
1409,359
1409,360
1410,18
1410,22
1410,71
1410,128
1410,3
1410,11
1410,18
1410,37
1410,129
1410,155
1410,156
1419,
1420,1
1420,5
1420,15
1420,18
1420,19
1420,20
1420,21
1420,26
1420,35
1420,44
1420,45
1420,48
1420,68
1420,71
1420,73
1420,74
1420,77
1420,78
1420,79
1420,86
1420,87
1420,92
1420,99
1420,100
1420,101
1420,103
1420,106
1420,120
1420,123
1420,129
1420,132
1420,143
1420,147
1420,150
1420,152
1420,157
1420,159
1420,193
1420,198
1420,217
1420,225
1420,228
1420,232
1420,245
1420,253
1420,259
1420,267
1420,272
1420,273
1420,278
1420,285
1420,286
1420,304
1420,310
1420,320
1420,333
1420,347
1420,355
1420,359
1420,361
1420,363
1420,5
1420,7
1420,8
1420,35
1420,37
1420,82
1420,108
1420,137
1420,138
1420,143
1420,145
1420,157
1420,159
1420,207
1420,216
1420,254
1420,319
1420,87
1420,251
1420,252
1420,273
1420,359
1420,289
1422,28
1422,31
1422,36
1422,49
1422,61
1422,65
1422,109
1422,113
1422,120
1422,188
1422,39
1422,54
1422,237
1422,257
1422,62
1422,93
1422,101
1422,62
1422,65
1422,197
1423,9
1423,10
1423,11
1423,19
1423,21
1423,23
1423,4
1423,28
1423,9
1423,32
1423,37
1423,40
1423,1
1423,43
1423,50
1423,2
1423,61
1423,64
1423,79
1423,94
1423,5
1423,97
1423,115
1423,123
1423,4
1423,128
1423,130
1423,132
1423,134
1423,5
1423,141
1423,4
1423,149
1423,155
1423,167
1423,8
1423,173
1423,6
1423,180
1423,1
1423,184
1423,97
1423,206
1423,211
1423,2
1423,214
1423,5
1423,219
1423,24
1423,232
1423,3
1423,247
1423,249
1423,50
1423,254
1423,262
1423,264
1423,269
1423,70
1423,284
1423,291
1423,2
1423,298
1424,4
1424,206
1424,207
1424,95
1424,121
1424,125
1424,207
1424,209
1424,66
1424,69
1424,127
1424,241
1424,211
1424,47
1424,48
1424,69
1424,225
1424,238
1424,239
1424,137
1427,8
1427,9
1427,46
1427,47
1432,75
1433,98
1433,124
1433,138
1433,187
1433,298
1433,218
1433,328
1433,438
1434,200
1440,119
1448,59
1449,87
1451,
1454,21
1454,2
1454,52
1454,2
1454,78
1454,2
1454,145
1454,2
1454,166
1454,2
1458,148
1458,148
1458,218
1458,224
1458,225
1458,227
1458,380
1458,435
1458,493
1460,57
1460,58
1464,
1465,
1467,149
1469,9
1469,67
1470,9
1470,67
1472,
1474,2
1475,20
1476,58
1477,113
1479,26
1483,98
1483,288
1487,234
1487,178
1487,9
1488,
1491,323
1494,113
1495,192
1496,130
1499,343
1499,343
1500,343
1500,343
1504,189
1507,193
1510,
1512,139
1512,140
1514,237
1515,24
1515,82
1516,163
1519,68
1520,213
1521,82
1525,189
1526,8
1526,179
1526,3
1526,196
1526,211
1526,212
1526,215
1526,218
1526,227
1526,233
1527,255
1531,235
1532,235
1534,189
1535,189
1538,373
1541,101
1543,92
1547,145
1547,146
1549,3
1549,30
1549,5
1550,173
1552,341
1552,342
1552,343
1552,344
1552,346
1552,348
1552,350
1552,351
1552,352
1552,354
1552,355
1552,356
1552,357
1552,358
1552,359
1552,360
1552,361
1552,362
1552,363
1552,364
1552,365
1552,366
1552,367
1552,368
1552,370
1552,371
1552,372
1552,373
1552,374
1552,375
1552,376
1552,377
1552,378
1552,379
1552,380
1552,381
1552,382
1552,383
1552,384
1552,386
1552,389
1552,390
1552,391
1552,393
1552,394
1552,395
1552,396
1552,397
1552,398
1552,399
1552,400
1552,401
1552,402
1552,403
1552,404
1552,405
1552,406
1552,407
1552,408
1552,409
1552,410
1552,411
1552,414
1552,415
1552,416
1552,417
1552,418
1552,424
1552,426
1552,431
1552,432
1552,433
1552,434
1554,9
1554,17
1555,114
1556,6
1556,9
1556,28
1556,42
1556,48
1556,49
1556,50
1556,57
1556,58
1556,61
1556,65
1556,68
1556,71
1556,73
1556,77
1556,82
1556,85
1556,86
1556,87
1556,88
1556,90
1556,92
1556,94
1556,95
1556,96
1556,100
1556,101
1556,103
1556,111
1556,115
1556,116
1556,124
1556,127
1556,130
1556,131
1556,135
1560,2
1560,5
1560,9
1560,12
1560,17
1560,21
1560,28
1560,29
1560,36
1560,37
1560,38
1560,39
1560,49
1560,52
1560,55
1560,60
1560,61
1560,65
1560,108
1560,109
1560,112
1560,115
1560,121
1560,126
1560,130
1560,132
1560,133
1560,134
1560,135
1560,136
1560,137
1560,140
1560,142
1560,144
1560,145
1560,148
1560,155
1560,171
1560,173
1560,174
1560,175
1560,177
1560,178
1560,182
1560,3
1560,189
1560,200
1560,201
1560,203
1560,204
1560,205
1560,207
1560,209
1560,210
1560,213
1560,214
1560,216
1560,217
1560,218
1560,220
1560,221
1560,222
1560,223
1560,224
1560,225
1560,226
1560,260
1560,265
1560,269
1560,279
1560,281
1560,291
1560,317
1560,328
1560,330
1560,331
1560,332
1560,334
1560,335
1560,336
1560,337
1560,8
1561,2
1561,5
1561,9
1561,12
1561,17
1561,21
1561,28
1561,29
1561,36
1561,37
1561,38
1561,39
1561,49
1561,52
1561,55
1561,60
1561,61
1561,65
1561,108
1561,109
1561,112
1561,115
1561,121
1561,126
1561,130
1561,132
1561,133
1561,134
1561,135
1561,136
1561,137
1561,140
1561,142
1561,144
1561,145
1561,148
1561,155
1561,171
1561,173
1561,174
1561,175
1561,177
1561,178
1561,182
1561,3
1561,189
1561,200
1561,201
1561,203
1561,204
1561,205
1561,207
1561,209
1561,210
1561,213
1561,214
1561,216
1561,217
1561,218
1561,220
1561,221
1561,222
1561,223
1561,224
1561,225
1561,226
1561,260
1561,265
1561,269
1561,279
1561,281
1561,291
1561,317
1561,328
1561,330
1561,331
1561,332
1561,334
1561,335
1561,336
1561,337
1561,8
1562,65
1562,99
1562,112
1562,134
1562,182
1562,188
1562,189
1563,23
1565,93
1566,168
1566,201
1571,108
1571,112
1571,117
1571,164
1571,195
1573,87
1573,171
1577,79
1578,15
1579,
1582,173
1590,53
1592,35
1592,49
1592,56
1592,67
1592,70
1592,80
1592,85
1593,35
1593,49
1593,56
1593,67
1593,70
1593,80
1593,85
1594,43
1598,128
1606,5
1607,83
1608,7
1608,8
1608,39
1613,1
1613,9
1613,38
1613,127
1613,147
1613,163
1613,164
1613,165
1613,166
1613,176
1613,7
1613,178
1613,181
1613,184
1613,185
1613,186
1613,187
1613,189
1613,192
1613,193
1622,40
1624,153
1627,
1633,137
1633,153
1633,164
1633,167
1633,169
1633,176
1633,178
1633,188
1633,192
1633,222
1641,6
1641,59
1641,87
1641,145
1641,365
1643,3
1643,4
1643,5
1643,6
1643,8
1643,10
1643,11
1643,13
1643,14
1643,15
1644,55
1644,242
1653,137
1653,153
1653,164
1653,167
1653,169
1653,176
1653,178
1653,188
1653,192
1653,222
1656,45
1656,57
1656,58
1656,67
1656,105
1656,127
1656,195
1657,
1658,434
